state,vote_share,lower_95,median,upper_95
MT,0.3687607231651452,0.3610926565719445,0.36872156160872943,0.37615996065016133
