state,vote_share,lower_95,median,upper_95
MA,0.5824797549815116,0.5782145959419881,0.5824358993292054,0.5867559768377428
