state,vote_share,lower_95,median,upper_95
ID,0.27125667474541076,0.2623777119650749,0.27126095999564215,0.2798269199407626
