state,vote_share,lower_95,median,upper_95
GA,0.548038309648158,0.5460919287919648,0.5480304876200787,0.5500201709081362
