state,vote_share,lower_95,median,upper_95
KY,0.33862962337901537,0.33459292990239403,0.3386342687672186,0.34270192051029147
