state,vote_share,lower_95,median,upper_95
HI,0.7732153112759805,0.7616079466672004,0.773223946691925,0.784451683538785
