state,vote_share,lower_95,median,upper_95
AK,0.3310808722477999,0.3172772496124194,0.330954502067963,0.34542328055351845
