state,vote_share,lower_95,median,upper_95
ND,0.34437670260502595,0.33500121082053763,0.3444393390428674,0.35402149568208496
