state,vote_share,lower_95,median,upper_95
NV,0.5677345895254138,0.5629896636984,0.5677539517587937,0.572390860140693
