state,vote_share,lower_95,median,upper_95
ME,0.47850791892748684,0.46951789691726753,0.47865242093677196,0.48681434324973777
