state,vote_share,lower_95,median,upper_95
MS,0.525612251398496,0.5218599777072649,0.5256383524832893,0.5295850284426623
