state,vote_share,lower_95,median,upper_95
NH,0.44484106360544834,0.43795633188816996,0.44493680630942434,0.45168752737291057
