state,vote_share,lower_95,median,upper_95
WV,0.31805192219819217,0.3117569635613426,0.3180342871179671,0.32423807773364527
