state,vote_share,lower_95,median,upper_95
MO,0.4462605499527455,0.4435922769476816,0.44625743568450554,0.448912408038917
