state,vote_share,lower_95,median,upper_95
MD,0.6838100769299259,0.6801284737932466,0.6838193488761859,0.687660808812457
