state,vote_share,lower_95,median,upper_95
WY,0.2362647377857549,0.22131775153728772,0.23637184070421666,0.25182738548815903
