state,vote_share,lower_95,median,upper_95
OK,0.30764844960568466,0.30173623209753236,0.3075030284526109,0.3137540949548267
