state,vote_share,lower_95,median,upper_95
CA,0.6678935015747006,0.666287693791901,0.6679066720118998,0.6695210044324282
