state,vote_share,lower_95,median,upper_95
UT,0.2714959505255369,0.2639282886776771,0.27145064888799064,0.27894999608092896
