state,vote_share,lower_95,median,upper_95
NE,0.3431496797048981,0.336634904281366,0.34308885464056116,0.3499400425552226
