state,vote_share,lower_95,median,upper_95
DE,0.6383791991901796,0.627865312479008,0.63822039074271,0.649542143958204
