state,vote_share,lower_95,median,upper_95
AL,0.4307168467361743,0.4266721026433765,0.4307822104256895,0.4345891714571951
