state,vote_share,lower_95,median,upper_95
PA,0.5029405755828006,0.5008972572254269,0.5029342338457059,0.504955669443379
