state,vote_share,lower_95,median,upper_95
WI,0.500069417894359,0.49671366004853684,0.5000419035810908,0.50362666575668
