state,vote_share,lower_95,median,upper_95
IL,0.6334436968215632,0.6306179830723515,0.6334367771525484,0.6363878813279407
