state,vote_share,lower_95,median,upper_95
KS,0.35785253878027057,0.35280068430835226,0.35780684348779,0.36301324505666765
