state,vote_share,lower_95,median,upper_95
AR,0.3707981216241521,0.3654706538275636,0.37072043546106526,0.37640107946943085
