state,vote_share,lower_95,median,upper_95
RI,0.5934993549611552,0.5815725847353778,0.593433545093513,0.6048529836175458
