state,vote_share,lower_95,median,upper_95
AZ,0.4406330600900309,0.4375675355372516,0.44060286273471194,0.4438723913816976
