state,vote_share,lower_95,median,upper_95
OH,0.4699026253697717,0.467984355058246,0.46993025122711873,0.471794713743106
