state,vote_share,lower_95,median,upper_95
CO,0.5074551773132537,0.5041612390990463,0.507439670633343,0.5109081158846168
