state,vote_share,lower_95,median,upper_95
IN,0.4442424281723023,0.4416378856707281,0.44425110392665845,0.4468390102729751
