state,vote_share,lower_95,median,upper_95
WA,0.5378962385141329,0.5344686199113334,0.53789924271646,0.5414538404859252
