state,vote_share,lower_95,median,upper_95
FL,0.5379825418530328,0.5364988268467232,0.5379809769344447,0.5394293096382327
