state,vote_share,lower_95,median,upper_95
VT,0.599284411935066,0.580924012028995,0.5991053597534488,0.6188952610001355
