state,vote_share,lower_95,median,upper_95
IA,0.45487050511529314,0.45064168733947596,0.45485272844769997,0.45934167586137215
