state,vote_share,lower_95,median,upper_95
VA,0.547922055354352,0.5456242936826315,0.5478912641166233,0.5502588325554362
