state,vote_share,lower_95,median,upper_95
MN,0.47433866328774865,0.4710529753145737,0.47437588894920973,0.4776070918409674
