state,vote_share,lower_95,median,upper_95
LA,0.4771561131889555,0.4732366760374608,0.4771655211092459,0.48087097368038456
