state,vote_share,lower_95,median,upper_95
NC,0.5202028156379938,0.5182067826560025,0.5202187803126823,0.5221652124464744
