state,vote_share,lower_95,median,upper_95
CT,0.591529021740116,0.5863523168131825,0.5915571498134442,0.5967989355919204
