state,vote_share,lower_95,median,upper_95
OR,0.5086967929567956,0.5041559003887603,0.5087211072650126,0.5131582035889944
