state,vote_share,lower_95,median,upper_95
TN,0.401795281909935,0.3986870275272356,0.40180457668436775,0.40494490946340667
