state,vote_share,lower_95,median,upper_95
SC,0.49809527622906963,0.49500433038262304,0.49810787316639216,0.5010564754676216
