state,vote_share,lower_95,median,upper_95
MI,0.5497361425355847,0.5471141036510088,0.5497235590520311,0.5523110013630098
