state,vote_share,lower_95,median,upper_95
SD,0.35106264270946536,0.3423894448746056,0.3509875415170034,0.3599187617771265
