state,vote_share,lower_95,median,upper_95
NM,0.6138183479352258,0.6078264398739913,0.6137794995723647,0.6197463139379336
