state,vote_share,lower_95,median,upper_95
TX,0.4938113075575619,0.49209357132015913,0.493823082518411,0.4955917489023487
