state,vote_share,lower_95,median,upper_95
NY,0.6326149818369378,0.6304831084303374,0.6326155933186277,0.6347067887373414
