state,vote_share,lower_95,median,upper_95
NJ,0.5957547563804307,0.5928872971749163,0.5957760432291034,0.5984330215145504
