year,MAE,RMSE,R2
2016,0.033054676463441554,0.04160259554098814,0.8441424384538473
