year,MAE,RMSE,R2
2008,0.05024378849649086,0.06340410335488397,0.5975268225022133
