year,MAE,RMSE,R2
2024,0.04596013533816328,0.05189457748876652,0.8564257326532213
