year,MAE,RMSE,R2
2012,0.04196447534453529,0.04867647733142147,0.8357505780240333
