year,MAE,RMSE,R2
2020,0.04564083009235405,0.05645854524778792,0.7444824417338378
