year,MAE,RMSE,R2
2020,0.04570032358036686,0.05650606741515813,0.7442933803567561
