state,vote_share,lower_95,median,upper_95
NC,0.4927270489999788,0.48919525308160283,0.4927034922164111,0.49639565649715905
