state,vote_share,lower_95,median,upper_95
MO,0.358999520966997,0.33982138241015936,0.3591784605209922,0.3785757809700029
