state,vote_share,lower_95,median,upper_95
VT,0.5957855213914236,0.46801233663164293,0.5962694787983178,0.719316051296502
