state,vote_share,lower_95,median,upper_95
IA,0.3535371150636151,0.33823961191688284,0.35353962380122117,0.3696359680975589
