state,vote_share,lower_95,median,upper_95
ND,0.24637545342130926,0.1556136839461493,0.24404504213753497,0.36432150807011526
