state,vote_share,lower_95,median,upper_95
NV,0.46595491596819694,0.45672197979523377,0.46598532258804576,0.4757457372514563
