state,vote_share,lower_95,median,upper_95
AR,0.31860584503968903,0.274591354721533,0.31936922854599514,0.3622403134465407
