state,vote_share,lower_95,median,upper_95
HI,0.6060305461385663,0.5233394561968765,0.60733027180648,0.6854437988076231
