state,vote_share,lower_95,median,upper_95
KS,0.3448262403897977,0.3175910531983477,0.34455461710679286,0.3739950995746775
