state,vote_share,lower_95,median,upper_95
MA,0.63176789586261,0.5911306320263122,0.6315862146948272,0.671110088948087
