state,vote_share,lower_95,median,upper_95
WV,0.22425720476761932,0.15942055631383573,0.22192439150959384,0.30514387448296965
