state,vote_share,lower_95,median,upper_95
VA,0.5586572019309319,0.5437552620011777,0.55853498257537,0.5739433586078672
