state,vote_share,lower_95,median,upper_95
ID,0.246620684025017,0.18723833058648617,0.24569345460135827,0.3130230999288299
