state,vote_share,lower_95,median,upper_95
AL,0.387276472161619,0.3563097395575839,0.38705987960863464,0.4205023542480204
