state,vote_share,lower_95,median,upper_95
AZ,0.4429198323408616,0.4375193107300986,0.4430058679072095,0.4481336524767521
