state,vote_share,lower_95,median,upper_95
IN,0.34367733266925754,0.32280806033382686,0.34405155930822295,0.36348534521242065
