state,vote_share,lower_95,median,upper_95
MD,0.7062493096748418,0.6691485082865251,0.7056591902605054,0.7421155994055956
