state,vote_share,lower_95,median,upper_95
FL,0.46967209599386883,0.46657356884151074,0.46970084229389286,0.4725604135454907
