state,vote_share,lower_95,median,upper_95
OR,0.5041062344647126,0.47295453568062706,0.5032753616216022,0.5344762131646883
