state,vote_share,lower_95,median,upper_95
TX,0.4587403612412476,0.45484439794876275,0.4587122843426957,0.4630064511245603
