state,vote_share,lower_95,median,upper_95
IL,0.5751276107105636,0.5576664903655882,0.5748330015179195,0.5924484243109384
