state,vote_share,lower_95,median,upper_95
GA,0.5535813865371264,0.5495298704171974,0.5535607269234285,0.5573533934432747
