state,vote_share,lower_95,median,upper_95
NY,0.6142587794871497,0.5947627129782236,0.6146379490297256,0.6307181362698212
