state,vote_share,lower_95,median,upper_95
LA,0.4396705594110723,0.41063038203331176,0.43938669423073795,0.465965424544534
