state,vote_share,lower_95,median,upper_95
TN,0.3482071783763734,0.32230978863535875,0.34776931270528477,0.3761743268478362
