state,vote_share,lower_95,median,upper_95
DE,0.6053698484896898,0.5323926290755487,0.604210122834546,0.6802917905385906
