state,vote_share,lower_95,median,upper_95
OK,0.2711119556747885,0.22759955436236595,0.27082763996069015,0.3177292833369887
