state,vote_share,lower_95,median,upper_95
NJ,0.5830632422471748,0.5626616137142991,0.5826453467512178,0.6042299690818561
