state,vote_share,lower_95,median,upper_95
NE,0.3158808101263533,0.27496052257105896,0.31531187958812534,0.3610360828557371
