state,vote_share,lower_95,median,upper_95
KY,0.29217275293231426,0.2577329345378805,0.2918636628193332,0.32546836852471395
