state,vote_share,lower_95,median,upper_95
MS,0.4753677013123145,0.447661406064121,0.47527600610747955,0.5034696339792997
