state,vote_share,lower_95,median,upper_95
CT,0.5816877521321292,0.5399869759051453,0.5819122998066952,0.6206574798389166
