state,vote_share,lower_95,median,upper_95
RI,0.555881685214396,0.47843493108723323,0.5561100214869612,0.6336786975354632
