state,vote_share,lower_95,median,upper_95
MN,0.46871453057377366,0.45415330908524376,0.46856065489219956,0.4821786642644604
