state,vote_share,lower_95,median,upper_95
CA,0.6313995119922369,0.6149553828314996,0.631669800516472,0.6482214649180983
