state,vote_share,lower_95,median,upper_95
OH,0.4002864998907817,0.3924355250054741,0.40019777858403716,0.4080224308552461
