state,vote_share,lower_95,median,upper_95
MT,0.30064537530345686,0.25251802052800487,0.29991457846168224,0.35807174882434384
