state,vote_share,lower_95,median,upper_95
WA,0.5394291115367413,0.5148819721150296,0.5389773798148473,0.5646372555251646
