state,vote_share,lower_95,median,upper_95
ME,0.4347294288869185,0.4059137560223902,0.4348538041817016,0.4639851591023318
