state,vote_share,lower_95,median,upper_95
SD,0.2640191531870999,0.1885638897094555,0.2616676673980567,0.35784659923451917
