state,vote_share,lower_95,median,upper_95
NM,0.5098449018127036,0.47597730581668324,0.5099437485480711,0.5430920005935157
