state,vote_share,lower_95,median,upper_95
WI,0.4209568000138657,0.4156541760800362,0.420891717689188,0.4262377617792676
