state,vote_share,lower_95,median,upper_95
AK,0.3401761116787272,0.2887162754403854,0.3393995363827186,0.3968097863479042
