state,vote_share,lower_95,median,upper_95
SC,0.4519051187114461,0.4360156851538208,0.4520574150349548,0.4680547722942106
