state,vote_share,lower_95,median,upper_95
NH,0.44746302413926725,0.41757179005231715,0.44724099014216945,0.4758144368055266
