state,vote_share,lower_95,median,upper_95
MI,0.4690984146729638,0.4628443036922188,0.46902961413809274,0.47503345523725077
