state,vote_share,lower_95,median,upper_95
PA,0.4547665235272112,0.45036922326859685,0.45472863028525756,0.4592464814224594
