state,vote_share,lower_95,median,upper_95
UT,0.2927246990177886,0.2533529325226292,0.29159381246435023,0.3352093727170961
