state,vote_share,lower_95,median,upper_95
CO,0.5170490413964802,0.4958932533805776,0.5174108585965645,0.5387502017644867
