state,vote_share,lower_95,median,upper_95
WY,0.20559950483744044,0.09199663972822181,0.19734812793548273,0.36025355746022636
