year,p_value
2008,0.006441672651957922
2012,3.058721601371969e-4
2016,9.397412216416903e-4
2020,1.2851044246670325e-4
2024,1.2898785845482512e-7
