state,vote_share,lower_95,median,upper_95
ID,0.2483550331748894,0.0556623326286725,0.23118528163674118,0.5200261666320507
