state,vote_share,lower_95,median,upper_95
UT,0.29956892180418104,0.11878217895796343,0.2944542060686949,0.5120301540404143
