state,vote_share,lower_95,median,upper_95
ME,0.44220196409790014,0.3555908967797228,0.4412740007747684,0.5356745143567619
