state,vote_share,lower_95,median,upper_95
NV,0.4687788520214369,0.4257237028888427,0.46969956089206427,0.5116637086233259
