state,vote_share,lower_95,median,upper_95
NE,0.31767511084078576,0.16070293191396615,0.30876268136844676,0.5051767634971503
