state,vote_share,lower_95,median,upper_95
AK,0.34312325598096377,0.22666030453301372,0.3398707332376648,0.47039874337902515
