state,vote_share,lower_95,median,upper_95
OH,0.4032218916302667,0.3308736725329638,0.4025353190634125,0.4745423197698393
