state,vote_share,lower_95,median,upper_95
NH,0.4480340730507293,0.3536929259570879,0.44690309459907956,0.5483465077575918
