state,vote_share,lower_95,median,upper_95
WI,0.42482023617366205,0.38713108662244006,0.42479622843851794,0.4610548506508606
