state,vote_share,lower_95,median,upper_95
MI,0.471311164082434,0.4231894231543234,0.47085245305997403,0.5197878637096222
