state,vote_share,lower_95,median,upper_95
AL,0.3915617134248302,0.1961142334854002,0.3866491424901388,0.6138588905115248
