state,vote_share,lower_95,median,upper_95
CA,0.6263599573056082,0.32908136866912774,0.6349307991693146,0.8864333523916497
