state,vote_share,lower_95,median,upper_95
GA,0.5551160377256839,0.5236289860190105,0.5551358561285418,0.5881843659879661
