state,vote_share,lower_95,median,upper_95
RI,0.5581567782021388,0.32495362334354583,0.5587311966487976,0.7816749379677953
