state,vote_share,lower_95,median,upper_95
NC,0.49562090112096585,0.464331965296449,0.49567133192937257,0.5261357251638487
