state,vote_share,lower_95,median,upper_95
CT,0.5855186809171228,0.36423710043343105,0.5833865084766714,0.7972858721613773
