state,vote_share,lower_95,median,upper_95
CO,0.5182071698046569,0.37479661739836173,0.5147476121489241,0.6706449104924573
