state,vote_share,lower_95,median,upper_95
AR,0.32053015955753905,0.13484151645525247,0.3148297319333996,0.5785172734398686
