state,vote_share,lower_95,median,upper_95
HI,0.6054535705670524,0.31571060358583086,0.6090664768638847,0.8699222392096853
