state,vote_share,lower_95,median,upper_95
MO,0.3629166863850577,0.23844066362639837,0.3593767551338848,0.5054851864013351
