state,vote_share,lower_95,median,upper_95
PA,0.4571525533811237,0.41419499098104096,0.45697705205617045,0.5040004128426973
