state,vote_share,lower_95,median,upper_95
IN,0.3491722063006338,0.203639250333787,0.34939156491332074,0.49999380627772383
