state,vote_share,lower_95,median,upper_95
MN,0.47601535524533184,0.39302667095544336,0.47515819755912314,0.5625577064537726
