state,vote_share,lower_95,median,upper_95
AZ,0.44750887362515707,0.4113087843863469,0.44691425469288015,0.4878420779507274
