state,vote_share,lower_95,median,upper_95
MD,0.6988878484574166,0.43147774040533327,0.7087135753152745,0.9137258992923611
