state,vote_share,lower_95,median,upper_95
OK,0.27844468148004287,0.08202847255087364,0.2580597999682803,0.5897532780195773
