state,vote_share,lower_95,median,upper_95
ND,0.25294700029070877,0.06245905508866718,0.2298090254075963,0.6060947397897141
