state,vote_share,lower_95,median,upper_95
KS,0.3476138437994469,0.2191912165485506,0.3450073537239057,0.4924329132184296
