state,vote_share,lower_95,median,upper_95
IL,0.5721436067301202,0.3996908472615035,0.5717073635371985,0.7421940032949846
