state,vote_share,lower_95,median,upper_95
DE,0.6079524108682055,0.41771499775990145,0.6083751515977813,0.7858116437874181
