state,vote_share,lower_95,median,upper_95
WV,0.2215431915034324,0.04226877811571252,0.1907686954222801,0.5832910553136902
