state,vote_share,lower_95,median,upper_95
FL,0.4724333904551381,0.4321595742117743,0.4730894882361101,0.5087915408275238
