state,vote_share,lower_95,median,upper_95
IA,0.3591208005768443,0.27847851024801734,0.3566531769322643,0.454197599366542
