state,vote_share,lower_95,median,upper_95
LA,0.44514743100840787,0.3014374325501979,0.44503197728363375,0.5944638492155059
