state,vote_share,lower_95,median,upper_95
TX,0.46477318645526244,0.40035341170614946,0.46482435685608425,0.5250862392284332
