state,vote_share,lower_95,median,upper_95
TN,0.351856708976988,0.19014233529474314,0.3465612535859147,0.5452402974312199
