state,vote_share,lower_95,median,upper_95
WA,0.5407664284796456,0.3520323716861071,0.5424492659697405,0.7256230369619872
