state,vote_share,lower_95,median,upper_95
NY,0.6163423238290794,0.3932001536504689,0.6213021860635565,0.8272057010612076
