state,vote_share,lower_95,median,upper_95
SD,0.27100790785822465,0.08684337488285816,0.26160445290095447,0.5201634373124617
