state,vote_share,lower_95,median,upper_95
MS,0.47497664687202634,0.34669832631283687,0.47398303080103554,0.6115926528141566
