state,vote_share,lower_95,median,upper_95
SC,0.45287107862729886,0.35508906211225133,0.44931687612349464,0.5605896465123381
