state,vote_share,lower_95,median,upper_95
OR,0.5108846394138383,0.3461297051432511,0.5088090375686533,0.6813766718588777
