state,vote_share,lower_95,median,upper_95
VA,0.5585986045636997,0.44401751253020755,0.5599528281374943,0.6688915539574197
