state,vote_share,lower_95,median,upper_95
MA,0.6380858775092046,0.31124857141504614,0.650469116178734,0.8844463605383609
