state,vote_share,lower_95,median,upper_95
NJ,0.5798872233566968,0.40138108743760054,0.5793906404190592,0.7477187015769422
