state,vote_share,lower_95,median,upper_95
VT,0.594425871404249,0.28175860309151235,0.6048887896569017,0.8780359572525813
