state,vote_share,lower_95,median,upper_95
MT,0.3070584953323761,0.17417122812802252,0.3039405843693911,0.4709317767700582
