state,vote_share,lower_95,median,upper_95
WY,0.21105092795045857,0.025397494772526567,0.1705248999640493,0.6267768207994632
