state,vote_share,lower_95,median,upper_95
KY,0.2944798183611135,0.1263579613702727,0.2811440700579386,0.5173956761030228
