state,vote_share,lower_95,median,upper_95
NM,0.5115233156975543,0.38364430218324824,0.5101271104500478,0.6532318469355965
