state,vote_share,lower_95,median,upper_95
AK,0.3831889986928867,0.3393186503975153,0.38391712844576453,0.42331415422275553
