state,vote_share,lower_95,median,upper_95
FL,0.553247615562178,0.551524227099805,0.5532155686560685,0.5550277498176194
