state,vote_share,lower_95,median,upper_95
WY,0.29426075675979807,0.2761161841377788,0.2941362240107561,0.31230953842635933
