state,vote_share,lower_95,median,upper_95
WA,0.5421903526492698,0.537848385271005,0.5421650664725901,0.5464290982885625
