state,vote_share,lower_95,median,upper_95
TN,0.4908153231116413,0.48756061528048733,0.49083432071845634,0.49398492566855023
