state,vote_share,lower_95,median,upper_95
AL,0.49587784544580404,0.49190685597028333,0.4959240131243655,0.49986080803868915
