state,vote_share,lower_95,median,upper_95
CO,0.49848832695296225,0.49448183969503634,0.49849390856401854,0.50236445986236
