state,vote_share,lower_95,median,upper_95
ND,0.34644330646593813,0.33246030748137345,0.3466458100749414,0.3598050159072508
