state,vote_share,lower_95,median,upper_95
AZ,0.4969754585895574,0.49356300837911377,0.4969614212755816,0.500295917578138
