state,vote_share,lower_95,median,upper_95
NJ,0.5975850769544806,0.5944529692242024,0.5975792226983109,0.6008387412778095
