state,vote_share,lower_95,median,upper_95
NC,0.5325693544182523,0.5301577776013965,0.5325710835773609,0.534929552736354
