state,vote_share,lower_95,median,upper_95
GA,0.5633620976144544,0.561019637571874,0.5633507933283695,0.5657353397457393
