state,vote_share,lower_95,median,upper_95
CA,0.6268625839142586,0.6251461881468616,0.6268500827098092,0.6286196647197063
