state,vote_share,lower_95,median,upper_95
IA,0.4829949153304287,0.4778207868915827,0.4830600190051454,0.48821219095405644
