state,vote_share,lower_95,median,upper_95
DE,0.6102635597780851,0.6005904343278972,0.6103185661994197,0.6194814383463173
