state,vote_share,lower_95,median,upper_95
LA,0.5707622252588742,0.56745156858817,0.5707795236488726,0.5739094838503418
