state,vote_share,lower_95,median,upper_95
AR,0.5079951491310647,0.5033407623736421,0.5080595219007217,0.512476611806983
