state,vote_share,lower_95,median,upper_95
MA,0.6296748884426755,0.6241808303790594,0.6296741631039708,0.6356006569413467
