state,vote_share,lower_95,median,upper_95
NM,0.5796532224219587,0.5734616639497617,0.5795768580543789,0.5861379811455335
