state,vote_share,lower_95,median,upper_95
WI,0.5056316682344981,0.5019525217438212,0.5055909800585403,0.5093602109831729
