state,vote_share,lower_95,median,upper_95
MO,0.49572669823557775,0.49269583709801357,0.4957190144105158,0.4988390352737587
