state,vote_share,lower_95,median,upper_95
OR,0.5155072823335852,0.5104162600613561,0.515537440074767,0.520608501938278
