state,vote_share,lower_95,median,upper_95
VT,0.5704467739459198,0.5533960160126123,0.5705656164861537,0.5875185103973841
