state,vote_share,lower_95,median,upper_95
OH,0.5215570076348416,0.5190915039401832,0.5215664200168006,0.5239568307417003
