state,vote_share,lower_95,median,upper_95
MD,0.6725056094766738,0.6685423948321917,0.6724995843594779,0.6764174477674808
