state,vote_share,lower_95,median,upper_95
ID,0.30534028863661344,0.29459579109259637,0.3054729516675979,0.3159647504003774
