state,vote_share,lower_95,median,upper_95
HI,0.6291376772867635,0.6199061445254985,0.6291070450876539,0.6383603573347904
