state,vote_share,lower_95,median,upper_95
PA,0.5384714465735173,0.5359707494528456,0.5385086085639096,0.5409247802014543
