state,vote_share,lower_95,median,upper_95
AK,0.39904615452058523,0.385227781561391,0.3991815628735079,0.41311309090936504
