state,vote_share,lower_95,median,upper_95
RI,0.6094557525239483,0.5967527941334352,0.6094356549815777,0.6222622677303536
