state,vote_share,lower_95,median,upper_95
IN,0.42357791038090725,0.4199180953603401,0.423573190059499,0.4273450820963215
