state,vote_share,lower_95,median,upper_95
IL,0.6140684465804465,0.6112928403338548,0.6140817156924872,0.6167599815275373
