state,vote_share,lower_95,median,upper_95
SD,0.3793404433919597,0.3677332081483168,0.37930880551518953,0.3905262137229042
