state,vote_share,lower_95,median,upper_95
TX,0.4967357161326156,0.49472157053474713,0.49675686498022376,0.498734567359354
