state,vote_share,lower_95,median,upper_95
CT,0.5770835771059509,0.571629230805195,0.5770564450578838,0.5829792144203351
