state,vote_share,lower_95,median,upper_95
WV,0.4269488941736122,0.4207849016484679,0.42688348525492614,0.4330117293357757
