state,vote_share,lower_95,median,upper_95
MT,0.3750488884292381,0.3646694330176484,0.37509563361437837,0.3856704941754429
