state,vote_share,lower_95,median,upper_95
NY,0.6352885289172605,0.6328572141747325,0.635279594306135,0.6377153656069099
