state,vote_share,lower_95,median,upper_95
SC,0.5401714391529516,0.536782075343026,0.540158498875229,0.5436746175171284
