state,vote_share,lower_95,median,upper_95
VA,0.5431016404738237,0.5404655705879088,0.5431134485405504,0.5456590530849772
