state,vote_share,lower_95,median,upper_95
MN,0.5104420795878333,0.5063650806696726,0.5104001404419649,0.5146353348183009
