state,vote_share,lower_95,median,upper_95
MS,0.5776160748167599,0.5734774443491494,0.5776471744878233,0.5815282878910387
