state,vote_share,lower_95,median,upper_95
ME,0.5157009081249782,0.5060752238889001,0.5157227038365215,0.5247885627034921
