state,vote_share,lower_95,median,upper_95
MI,0.5575606991455659,0.5548423944462129,0.5575473289642976,0.5602755473631954
