state,vote_share,lower_95,median,upper_95
KS,0.38973724252150477,0.38364520006366276,0.3897240818648774,0.3957415527775946
