state,vote_share,lower_95,median,upper_95
KY,0.41738312158864893,0.41287933475810695,0.4174017974840599,0.42173101391042916
