state,vote_share,lower_95,median,upper_95
NE,0.3406276380412618,0.3312991844319303,0.3405670917940382,0.34963212741709254
