state,vote_share,lower_95,median,upper_95
NH,0.48199501826687163,0.47375684629056747,0.481986733746642,0.49022661321011474
