state,vote_share,lower_95,median,upper_95
NV,0.5437079678047837,0.5385106862275382,0.5436871955199591,0.5492282354058717
