state,vote_share,lower_95,median,upper_95
OK,0.39587795780042817,0.3897868162508363,0.39581323629433807,0.4018651068627587
