state,vote_share,lower_95,median,upper_95
UT,0.28139383028037834,0.2721814073493621,0.28131446703857843,0.2911900563124885
