state,vote_share,lower_95,median,upper_95
AL,0.45191477125161056,0.4454138435277714,0.4519365521233343,0.4580604569222174
