state,vote_share,lower_95,median,upper_95
MS,0.5401164082206216,0.5339903141925111,0.5402352383059882,0.5457442315263501
