state,vote_share,lower_95,median,upper_95
UT,0.3054185033883449,0.2932352003113496,0.30538046033426236,0.31779870044391545
