state,vote_share,lower_95,median,upper_95
AK,0.38383372071702765,0.36590096790637205,0.38397361044279854,0.4012183021215666
