state,vote_share,lower_95,median,upper_95
HI,0.6459926070952666,0.6276509713240084,0.6461394504240643,0.6640690299674592
