state,vote_share,lower_95,median,upper_95
WY,0.24311258142176226,0.21510751825252444,0.2424762468067865,0.27449720221252444
