state,vote_share,lower_95,median,upper_95
AR,0.3907480798296856,0.38182831088023805,0.39079414630263837,0.39940489807126406
