state,vote_share,lower_95,median,upper_95
LA,0.5094301566192234,0.5039937818083295,0.5093925623767355,0.5148914076478233
