state,vote_share,lower_95,median,upper_95
NV,0.5271289717893618,0.5201088078010234,0.5270721468662958,0.5341658008530147
