state,vote_share,lower_95,median,upper_95
VA,0.5650103337575454,0.5609301464026176,0.5649454810662968,0.5687877331543647
