state,vote_share,lower_95,median,upper_95
TX,0.5333114579472557,0.5311994353359748,0.5332716506710424,0.535493615254436
