state,vote_share,lower_95,median,upper_95
ME,0.4140963709142531,0.403792364376235,0.41428470165097586,0.4241624616910002
