state,vote_share,lower_95,median,upper_95
GA,0.5779210654041764,0.5747004851873663,0.5779165911564605,0.5809194210512918
