state,vote_share,lower_95,median,upper_95
AZ,0.48983985593503754,0.4857170572715636,0.4897573401926766,0.4941603963581932
