state,vote_share,lower_95,median,upper_95
ID,0.2855375389997778,0.27035278070469093,0.28534084133543935,0.3019351478489285
