state,vote_share,lower_95,median,upper_95
VT,0.5065984466644902,0.4843845537710346,0.5063704582001767,0.5303739581178774
