state,vote_share,lower_95,median,upper_95
DE,0.5855349835094418,0.5707125223340921,0.5856930764792184,0.599539173469351
