state,vote_share,lower_95,median,upper_95
PA,0.48748345615422506,0.4842557627358554,0.4874847879848042,0.4907195224826999
