state,vote_share,lower_95,median,upper_95
WV,0.265259593677258,0.2514776260350616,0.2653121955166962,0.2790638724857085
