state,vote_share,lower_95,median,upper_95
NC,0.5314288029999952,0.5281719080107667,0.531429083997139,0.5348552159249507
