state,vote_share,lower_95,median,upper_95
CA,0.6677805163645341,0.664415805637665,0.6677654732721716,0.6714187049406377
