state,vote_share,lower_95,median,upper_95
MT,0.33764842158150266,0.32356400788428225,0.33754010117270117,0.351451875095021
