state,vote_share,lower_95,median,upper_95
NJ,0.6088148034780415,0.6033715971397655,0.6088496670505692,0.6140652536999616
