state,vote_share,lower_95,median,upper_95
RI,0.5419791776973656,0.5275095554026625,0.5417264025045336,0.556670224895126
