state,vote_share,lower_95,median,upper_95
WA,0.5241353125377359,0.5186645926622072,0.5242583145394195,0.5291002187577049
