state,vote_share,lower_95,median,upper_95
MD,0.6876020821677501,0.6809158736135951,0.6875589201136041,0.6944042624087464
