state,vote_share,lower_95,median,upper_95
MO,0.4061315935743285,0.40094162830539826,0.40605444163532345,0.41127119893041714
