state,vote_share,lower_95,median,upper_95
IN,0.39356635293394493,0.3886072006064338,0.39362588253318304,0.3985556399127266
