state,vote_share,lower_95,median,upper_95
ND,0.28721477347129265,0.26374168134446635,0.2870238161136939,0.30979940457202587
