state,vote_share,lower_95,median,upper_95
MA,0.5964849556045725,0.5888383769130903,0.5964012150105819,0.6037800822240916
