state,vote_share,lower_95,median,upper_95
OK,0.33672771603164425,0.3263955544266906,0.33679398619456324,0.34652747530009015
