state,vote_share,lower_95,median,upper_95
NY,0.6155433775581719,0.6118690198844668,0.6155625946326633,0.6193580113669823
