state,vote_share,lower_95,median,upper_95
KS,0.3841516890099259,0.3756802416485944,0.38416313035252536,0.39226378281136043
