state,vote_share,lower_95,median,upper_95
TN,0.40685112764835646,0.4011836649266832,0.4069896802022968,0.4120951683660958
