state,vote_share,lower_95,median,upper_95
OH,0.4489084110950989,0.445808025188842,0.4488225232256194,0.451930035130053
