state,vote_share,lower_95,median,upper_95
OR,0.48411977877503115,0.47770079987046304,0.484021047202274,0.490873485622773
