state,vote_share,lower_95,median,upper_95
MI,0.4904599288795809,0.48683469135291674,0.4904873235210469,0.4939618766981504
