state,vote_share,lower_95,median,upper_95
IL,0.5966136519852429,0.5918200609982422,0.5967081418171583,0.6012078541732511
