state,vote_share,lower_95,median,upper_95
NE,0.3550534400335137,0.34365711905263546,0.35515325726889146,0.36693848891792497
