state,vote_share,lower_95,median,upper_95
MN,0.4579180082180054,0.4527347732575284,0.45797222752283506,0.4627892747399458
