state,vote_share,lower_95,median,upper_95
NM,0.5464473033410363,0.5376809610385449,0.546383687036206,0.556116040836576
