state,vote_share,lower_95,median,upper_95
IA,0.3960211762278465,0.3897057439081779,0.39613260394118116,0.402482317192171
