state,vote_share,lower_95,median,upper_95
WI,0.44945924908082113,0.44517117744002804,0.4495070002092187,0.45388853466413653
