state,vote_share,lower_95,median,upper_95
SD,0.31299950081048195,0.2933184017961795,0.3131493451676412,0.3318853404675365
