state,vote_share,lower_95,median,upper_95
KY,0.3393895399053536,0.3322319604624062,0.3394297888643197,0.34725753395996833
