state,vote_share,lower_95,median,upper_95
SC,0.5038696854948409,0.4989224554591234,0.5038486603337385,0.5087772906648158
