state,vote_share,lower_95,median,upper_95
CO,0.5056840020578491,0.5007072653302475,0.5056977645694061,0.5105483401214153
