state,vote_share,lower_95,median,upper_95
NH,0.4331501715188922,0.42295891886355896,0.43328724409455344,0.44234212899376035
