state,vote_share,lower_95,median,upper_95
FL,0.5473492752748332,0.5450064332261539,0.5473350675731476,0.5496779448239864
