state,vote_share,lower_95,median,upper_95
CT,0.5709429077693507,0.5626075499163504,0.570831767937722,0.5791897981313066
