state,vote_share,lower_95,median,upper_95
ME,0.4076161318475197,0.4008317178418436,0.40760290361556795,0.414353901637775
