state,vote_share,lower_95,median,upper_95
VT,0.5062654825271317,0.4870233366094906,0.5059807575580133,0.5260391903523968
