state,vote_share,lower_95,median,upper_95
GA,0.5200235367368655,0.5181372829836288,0.5200091313775004,0.5218663170220689
