state,vote_share,lower_95,median,upper_95
PA,0.4481390249310319,0.4464263441384674,0.448148747631569,0.4498420306842895
