state,vote_share,lower_95,median,upper_95
IN,0.37425085898427374,0.37154174365893117,0.374240309567099,0.377054962898141
