state,vote_share,lower_95,median,upper_95
AK,0.35549845635514027,0.34425666578136127,0.3555278798834076,0.36681386894543344
