state,vote_share,lower_95,median,upper_95
HI,0.6901700363867439,0.6779187601213009,0.6901853001809314,0.7029169050257349
