state,vote_share,lower_95,median,upper_95
OR,0.4413224319870653,0.4377111910575032,0.4413201362603534,0.44490768142948656
