state,vote_share,lower_95,median,upper_95
MT,0.30945697958791657,0.30182223383741386,0.3093422435149643,0.3177194910157543
