state,vote_share,lower_95,median,upper_95
ID,0.26425481943719364,0.2546534397062359,0.2641956077228078,0.2741079357465088
