state,vote_share,lower_95,median,upper_95
KY,0.31671131448693723,0.31211129783268854,0.316695022636829,0.3211752695056301
