state,vote_share,lower_95,median,upper_95
AZ,0.4225697966581393,0.4199082024864538,0.4225540024935396,0.42543341537924284
