state,vote_share,lower_95,median,upper_95
OK,0.31346673798024577,0.3069780141912121,0.31346202184770083,0.3199606357778835
