state,vote_share,lower_95,median,upper_95
ND,0.29412944684258824,0.28364361729134413,0.29411183874858216,0.30490741276736827
