state,vote_share,lower_95,median,upper_95
WV,0.26775828072843455,0.2602544150396805,0.26772245016269824,0.2756556298572812
