state,vote_share,lower_95,median,upper_95
NH,0.39318264746345655,0.3878876752558846,0.39321207583595336,0.39847688157969396
