state,vote_share,lower_95,median,upper_95
KS,0.33501113937928584,0.3292724188515722,0.3349749533532133,0.3406592134147053
