state,vote_share,lower_95,median,upper_95
SD,0.30646554990723646,0.2970107909745974,0.3064900181378418,0.316174760554362
