state,vote_share,lower_95,median,upper_95
IA,0.4014688909425419,0.3979096697345249,0.4014829546376485,0.4051645638461307
