state,vote_share,lower_95,median,upper_95
TN,0.3805954087800658,0.3771371557932038,0.3806060780291622,0.3839201877522607
