state,vote_share,lower_95,median,upper_95
VA,0.5093858898638106,0.5074575500154915,0.5093519955955168,0.5113846160520543
