state,vote_share,lower_95,median,upper_95
NJ,0.5662829380661601,0.5634490839741344,0.566286632524321,0.5690707124266675
