state,vote_share,lower_95,median,upper_95
TX,0.4649616868000785,0.46326257240249236,0.46494316186538676,0.4667272405096838
