state,vote_share,lower_95,median,upper_95
MO,0.3876173780637862,0.3849326403455855,0.38764834444671137,0.39033722892607914
