state,vote_share,lower_95,median,upper_95
RI,0.5277430451304275,0.5164240029578798,0.5277847814280215,0.5393808617212028
