state,vote_share,lower_95,median,upper_95
MN,0.4297835245615073,0.42695455245847896,0.429778692836307,0.43258076868028894
