state,vote_share,lower_95,median,upper_95
WI,0.4267051559846996,0.42412047646529677,0.42671318811217934,0.4293492053487796
