state,vote_share,lower_95,median,upper_95
AL,0.42635497529414706,0.4221634045191691,0.42636400386795115,0.43025321876567585
