state,vote_share,lower_95,median,upper_95
OH,0.43301917865250344,0.43137218190364124,0.43303443281623444,0.4347113048588691
