state,vote_share,lower_95,median,upper_95
MI,0.47529544709200616,0.4731987663698421,0.4752919991468297,0.47737792312904886
