state,vote_share,lower_95,median,upper_95
SC,0.47434349210033105,0.47137404792858906,0.47437035314634557,0.47717445590172947
