state,vote_share,lower_95,median,upper_95
DE,0.5593686548607312,0.5512681686587403,0.5592291052008851,0.5682887575147632
