state,vote_share,lower_95,median,upper_95
NC,0.48499839200954453,0.48328884747616685,0.4850021217791045,0.4868478005930271
