state,vote_share,lower_95,median,upper_95
WA,0.4793133125504624,0.47626930292329117,0.47933671815597584,0.48242946844497403
