state,vote_share,lower_95,median,upper_95
FL,0.5017549169789363,0.5004512055168864,0.5017529596705883,0.5030337233112279
