state,vote_share,lower_95,median,upper_95
CO,0.45418719965403326,0.451397662105847,0.4541791729991286,0.4569528655247301
