state,vote_share,lower_95,median,upper_95
MS,0.5144079848944723,0.5109105590372964,0.5143913357812888,0.5179570218901486
