state,vote_share,lower_95,median,upper_95
IL,0.5437489504033166,0.5413546245416895,0.5437601720327837,0.5461097114890907
