state,vote_share,lower_95,median,upper_95
AR,0.36089589151144297,0.3550412937995677,0.3608422785644303,0.366607470727327
