state,vote_share,lower_95,median,upper_95
MD,0.6362066516673293,0.632350418404957,0.6362392765923992,0.6400692407578003
