state,vote_share,lower_95,median,upper_95
LA,0.4744082663532539,0.47092548054140076,0.474395892082509,0.47806643794703063
