state,vote_share,lower_95,median,upper_95
CT,0.522665329243813,0.5181154260328175,0.5226045440529884,0.5271966241629781
