state,vote_share,lower_95,median,upper_95
WY,0.23064576468481723,0.21289246908861065,0.23062360560494988,0.24841108041279053
