state,vote_share,lower_95,median,upper_95
NE,0.32197855579388684,0.3149481611320581,0.32199144019844733,0.32926743562878164
