state,vote_share,lower_95,median,upper_95
NM,0.5216171026465549,0.5162549363854249,0.5215767517797687,0.5268158173076356
