state,vote_share,lower_95,median,upper_95
NV,0.5048187635089697,0.5009679787783957,0.5048415251901317,0.50873514613333
