state,vote_share,lower_95,median,upper_95
NY,0.5870995821972648,0.5848714635990384,0.5870899719332253,0.5892434809286453
