state,vote_share,lower_95,median,upper_95
MA,0.5232894675644012,0.5195473218222859,0.5232166117922713,0.5271047449534091
