state,vote_share,lower_95,median,upper_95
CA,0.6085240491090314,0.6068650711770621,0.6085201471550341,0.6101608224434315
