state,vote_share,lower_95,median,upper_95
UT,0.23195027728765805,0.22331045693235893,0.23185801327067623,0.24134536540089835
